name;content;date;author;imageUrl;
"!!!!!!!!salary payment"; veryLongText; "today"; "HR"; "http://www.hotnews.ro/images/new/logo.gif";
"test1"; "shfklejfklesjfsekljfklsjflskjfseljfekl"; "today"; "HR"; "http://www.pngmart.com/files/1/Banana-Icon-PNG.png";
"test2"; "sdfdrmgndrjkndrjk"; "today"; "Facyesterdayility"; "http://www.hotnews.ro/images/new/logo.gif";
"test3"; "aaaaaaaaaaaaaaaaa"; "yesterday"; "HR"; "http://www.pngmart.com/files/1/Banana-Icon-PNG.png";
"test4"; "ddddddddddddddddddddddddddddddd"; "today"; "CXO"; "http://www.hotnews.ro/images/new/logo.gif";
"test5"; "eeeeeeeeeeeeeeeeeeeeeeeeeeeee"; "yesterday"; "Compliance"; "http://www.pngmart.com/files/1/Banana-Icon-PNG.png";
"test6"; "fffffffffffffffffffffffffffff"; "today"; "HR"; "http://www.hotnews.ro/images/new/logo.gif";
"test7"; "ggggggggggggggggggggggggggggg"; "yesterday"; "HR"; "http://www.pngmart.com/files/1/Banana-Icon-PNG.png";
"test8"; "hhhhhhhhhhhhhhhhhhhhhhhhhhhhhhhhhh"; "today"; "CXO"; "http://www.hotnews.ro/images/new/logo.gif";
"test9"; "jjjjjjjjjjjjjjjjjjjjjjjjjjjjjjjjj"; "yesterday"; "?"; "http://www.hotnews.ro/images/new/logo.gif";
"test10"; "uuuuuuuuuuuuuuuuuuuuuuuuuuuuuuuuuu"; "yesterday"; "M"; "http://www.hotnews.ro/images/new/logo.gif";
"test11"; "rrrrrrrrrrrrrrrrrrrrrrrrrrrrrrrrrrrrr"; "today"; "Facility"; "http://www.hotnews.ro/images/new/logo.gif";
"test12"; "xxxxxxxxxxxxxxxxxxxxxxxxxxxxxxxxxxxxxx"; "today"; "..."; "http://www.hotnews.ro/images/new/logo.gif";
"test13"; "wwwwwwwwwwwwwwwwwwwwwwwwwwwwwwwwwwwwwwwww"; "yesterday"; "X"; "http://www.hotnews.ro/images/new/logo.gif";
"test14"; "jjjjjjjjjjjjjjjjjjjjjjjjjjjjjjjjjjjjjjj"; "today"; "HR"; "http://www.hotnews.ro/images/new/logo.gif";
"x1"; "aaaaaa"; "today"; "X1"; "http://www.hotnews.ro/images/new/logo.gif";
"x2"; "aaaaaa"; "today"; "X2"; "http://www.hotnews.ro/images/new/logo.gif";
"x3"; "aaaaaa"; "today"; "X3"; "http://www.hotnews.ro/images/new/logo.gif";
"x4"; "aaaaaa"; "today"; "X4"; "http://www.hotnews.ro/images/new/logo.gif";
"x5"; "aaaaaa"; "today"; "X5"; "http://www.hotnews.ro/images/new/logo.gif";
"x6"; "aaaaaa"; "today"; "X6"; "http://www.hotnews.ro/images/new/logo.gif";
"x7"; "zzzzzz"; "today"; "X7"; "http://www.hotnews.ro/images/new/logo.gif";